Sequence_ID,Original_Sequence_Position,Aligned_Sequence_Position,Residue
7KP3_1|Chain,1,1,S
7KP3_1|Chain,2,2,F
7KP3_1|Chain,3,3,V
7KP3_1|Chain,4,4,D
7KP3_1|Chain,5,5,H
7KP3_1|Chain,6,6,P
7KP3_1|Chain,7,7,P
7KP3_1|Chain,8,8,D
7KP3_1|Chain,9,9,W
7KP3_1|Chain,10,10,L
7KP3_1|Chain,11,11,E
7KP3_1|Chain,12,12,E
7KP3_1|Chain,13,13,V
7KP3_1|Chain,14,14,G
7KP3_1|Chain,15,15,E
7KP3_1|Chain,16,16,G
7KP3_1|Chain,17,17,L
7KP3_1|Chain,18,18,R
7KP3_1|Chain,19,19,E
7KP3_1|Chain,20,20,F
7KP3_1|Chain,21,21,L
7KP3_1|Chain,22,22,G
7KP3_1|Chain,23,23,L
7KP3_1|Chain,24,24,E
7KP3_1|Chain,25,25,A
7KP3_1|Chain,26,26,G
7KP3_1|Chain,27,27,P
7KP3_1|Chain,28,28,P
7KP3_1|Chain,29,29,K
7KP3_1|Chain,30,30,P
7KP3_1|Chain,31,31,K
7KP3_1|Chain,32,32,P
7KP3_1|Chain,33,33,N
7KP3_1|Chain,34,34,Q
7KP3_1|Chain,35,35,Q
7KP3_1|Chain,36,36,H
7KP3_1|Chain,37,37,Q
7KP3_1|Chain,38,38,D
7KP3_1|Chain,39,39,Q
7KP3_1|Chain,40,40,A
7KP3_1|Chain,41,41,R
7KP3_1|Chain,42,42,G
7KP3_1|Chain,43,43,L
7KP3_1|Chain,44,44,V
7KP3_1|Chain,45,45,L
7KP3_1|Chain,46,46,P
7KP3_1|Chain,47,47,G
7KP3_1|Chain,48,48,Y
7KP3_1|Chain,49,49,N
7KP3_1|Chain,50,50,Y
7KP3_1|Chain,51,51,L
7KP3_1|Chain,52,52,G
7KP3_1|Chain,53,53,P
7KP3_1|Chain,54,54,G
7KP3_1|Chain,55,55,N
7KP3_1|Chain,56,56,G
7KP3_1|Chain,57,57,L
7KP3_1|Chain,58,58,D
7KP3_1|Chain,59,59,R
7KP3_1|Chain,60,60,G
7KP3_1|Chain,61,61,E
7KP3_1|Chain,62,62,P
7KP3_1|Chain,63,63,V
7KP3_1|Chain,64,64,N
7KP3_1|Chain,65,65,R
7KP3_1|Chain,66,66,A
7KP3_1|Chain,67,67,D
7KP3_1|Chain,68,68,E
7KP3_1|Chain,69,69,V
7KP3_1|Chain,70,70,A
7KP3_1|Chain,71,71,R
7KP3_1|Chain,72,72,E
7KP3_1|Chain,73,73,H
7KP3_1|Chain,74,74,D
7KP3_1|Chain,75,75,I
7KP3_1|Chain,76,76,S
7KP3_1|Chain,77,77,Y
7KP3_1|Chain,78,78,N
7KP3_1|Chain,79,79,E
7KP3_1|Chain,80,80,Q
7KP3_1|Chain,81,81,L
7KP3_1|Chain,82,82,E
7KP3_1|Chain,83,83,A
7KP3_1|Chain,84,84,G
7KP3_1|Chain,85,85,D
7KP3_1|Chain,86,86,N
7KP3_1|Chain,87,87,P
7KP3_1|Chain,88,88,Y
7KP3_1|Chain,89,89,L
7KP3_1|Chain,90,90,K
7KP3_1|Chain,91,91,Y
7KP3_1|Chain,92,92,N
7KP3_1|Chain,93,93,H
7KP3_1|Chain,94,94,A
7KP3_1|Chain,95,95,D
7KP3_1|Chain,96,96,A
7KP3_1|Chain,97,97,E
7KP3_1|Chain,98,98,F
7KP3_1|Chain,99,99,Q
7KP3_1|Chain,100,100,E
7KP3_1|Chain,101,101,K
7KP3_1|Chain,102,102,L
7KP3_1|Chain,103,103,A
7KP3_1|Chain,104,104,D
7KP3_1|Chain,105,105,D
7KP3_1|Chain,106,106,T
7KP3_1|Chain,107,107,S
7KP3_1|Chain,108,108,F
7KP3_1|Chain,109,109,G
7KP3_1|Chain,110,110,G
7KP3_1|Chain,111,111,N
7KP3_1|Chain,112,112,L
7KP3_1|Chain,113,113,G
7KP3_1|Chain,114,114,K
7KP3_1|Chain,115,115,A
7KP3_1|Chain,116,116,V
7KP3_1|Chain,117,117,F
7KP3_1|Chain,118,118,Q
7KP3_1|Chain,119,119,A
7KP3_1|Chain,120,120,K
7KP3_1|Chain,121,121,K
7KP3_1|Chain,122,122,R
7KP3_1|Chain,123,123,V
7KP3_1|Chain,124,124,L
7KP3_1|Chain,125,125,E
7KP3_1|Chain,126,126,P
7KP3_1|Chain,127,127,F
7KP3_1|Chain,128,128,G
7KP3_1|Chain,129,129,L
7KP3_1|Chain,130,130,V
7KP3_1|Chain,131,131,E
7KP3_1|Chain,132,132,E
7KP3_1|Chain,133,133,G
7KP3_1|Chain,134,134,A
7KP3_1|Chain,135,135,K
7KP3_1|Chain,136,136,T
7KP3_1|Chain,137,137,A
7KP3_1|Chain,138,138,P
7KP3_1|Chain,139,139,T
7KP3_1|Chain,140,140,G
7KP3_1|Chain,141,141,K
7KP3_1|Chain,142,142,R
7KP3_1|Chain,143,143,I
7KP3_1|Chain,144,144,D
7KP3_1|Chain,145,145,D
7KP3_1|Chain,146,146,H
7KP3_1|Chain,147,147,F
7KP3_1|Chain,148,148,P
7KP3_1|Chain,149,149,K
7KP3_1|Chain,150,150,R
7KP3_1|Chain,151,151,K
7KP3_1|Chain,152,152,K
7KP3_1|Chain,153,153,A
7KP3_1|Chain,154,154,R
7KP3_1|Chain,155,155,T
7KP3_1|Chain,156,156,E
7KP3_1|Chain,157,157,E
7KP3_1|Chain,158,158,D
7KP3_1|Chain,159,159,S
7KP3_1|Chain,160,160,K
7KP3_1|Chain,161,161,P
7KP3_1|Chain,162,162,S
7KP3_1|Chain,163,163,T
7KP3_1|Chain,164,164,S
7KP3_1|Chain,165,165,S
7KP3_1|Chain,166,166,D
7KP3_1|Chain,167,167,A
7KP3_1|Chain,168,168,E
7KP3_1|Chain,169,169,A
7KP3_1|Chain,170,170,G
7KP3_1|Chain,171,171,P
7KP3_1|Chain,172,172,S
7KP3_1|Chain,173,173,G
7KP3_1|Chain,174,174,S
7KP3_1|Chain,175,175,Q
7KP3_1|Chain,176,176,Q
7KP3_1|Chain,177,177,L
7KP3_1|Chain,178,178,Q
7KP3_1|Chain,179,179,I
7KP3_1|Chain,180,180,P
7KP3_1|Chain,181,181,A
7KP3_1|Chain,182,182,Q
7KP3_1|Chain,183,183,P
7KP3_1|Chain,184,184,A
7KP3_1|Chain,185,185,S
7KP3_1|Chain,186,186,S
7KP3_1|Chain,187,187,L
7KP3_1|Chain,188,188,G
7KP3_1|Chain,189,189,A
7KP3_1|Chain,190,190,D
7KP3_1|Chain,191,191,T
7KP3_1|Chain,192,192,M
7KP3_1|Chain,193,193,S
7KP3_1|Chain,194,194,A
7KP3_1|Chain,195,195,G
7KP3_1|Chain,196,196,G
7KP3_1|Chain,197,197,G
7KP3_1|Chain,198,198,G
7KP3_1|Chain,199,199,P
7KP3_1|Chain,200,200,L
7KP3_1|Chain,201,201,G
7KP3_1|Chain,202,202,D
7KP3_1|Chain,203,203,N
7KP3_1|Chain,204,204,N
7KP3_1|Chain,205,205,Q
7KP3_1|Chain,206,206,G
7KP3_1|Chain,207,207,A
7KP3_1|Chain,208,208,D
7KP3_1|Chain,209,209,G
7KP3_1|Chain,210,210,V
7KP3_1|Chain,211,211,G
7KP3_1|Chain,212,212,N
7KP3_1|Chain,213,213,A
7KP3_1|Chain,214,214,S
7KP3_1|Chain,215,215,G
7KP3_1|Chain,216,216,D
7KP3_1|Chain,217,217,W
7KP3_1|Chain,218,218,H
7KP3_1|Chain,219,219,C
7KP3_1|Chain,220,220,D
7KP3_1|Chain,221,221,S
7KP3_1|Chain,222,222,T
7KP3_1|Chain,223,223,W
7KP3_1|Chain,224,224,M
7KP3_1|Chain,225,225,G
7KP3_1|Chain,226,226,D
7KP3_1|Chain,227,227,R
7KP3_1|Chain,228,228,V
7KP3_1|Chain,229,229,V
7KP3_1|Chain,230,230,T
7KP3_1|Chain,231,231,K
7KP3_1|Chain,232,232,S
7KP3_1|Chain,233,233,T
7KP3_1|Chain,234,234,R
7KP3_1|Chain,235,235,T
7KP3_1|Chain,236,236,W
7KP3_1|Chain,237,237,V
7KP3_1|Chain,238,238,L
7KP3_1|Chain,239,239,P
7KP3_1|Chain,240,240,S
7KP3_1|Chain,241,241,Y
7KP3_1|Chain,242,242,N
7KP3_1|Chain,243,243,N
7KP3_1|Chain,244,244,H
7KP3_1|Chain,245,245,Q
7KP3_1|Chain,246,246,Y
7KP3_1|Chain,247,247,R
7KP3_1|Chain,248,248,E
7KP3_1|Chain,249,249,I
7KP3_1|Chain,250,250,K
7KP3_1|Chain,251,251,S
7KP3_1|Chain,252,252,G
7KP3_1|Chain,253,253,S
7KP3_1|Chain,254,254,V
7KP3_1|Chain,255,255,D
7KP3_1|Chain,256,256,G
7KP3_1|Chain,257,258,S
7KP3_1|Chain,258,259,N
7KP3_1|Chain,259,260,A
7KP3_1|Chain,260,261,N
7KP3_1|Chain,261,262,A
7KP3_1|Chain,262,263,Y
7KP3_1|Chain,263,264,F
7KP3_1|Chain,264,265,G
7KP3_1|Chain,265,266,Y
7KP3_1|Chain,266,267,S
7KP3_1|Chain,267,268,T
7KP3_1|Chain,268,269,P
7KP3_1|Chain,269,270,W
7KP3_1|Chain,270,271,G
7KP3_1|Chain,271,272,Y
7KP3_1|Chain,272,273,F
7KP3_1|Chain,273,274,D
7KP3_1|Chain,274,275,F
7KP3_1|Chain,275,276,N
7KP3_1|Chain,276,277,R
7KP3_1|Chain,277,278,F
7KP3_1|Chain,278,279,H
7KP3_1|Chain,279,280,S
7KP3_1|Chain,280,281,H
7KP3_1|Chain,281,282,W
7KP3_1|Chain,282,283,S
7KP3_1|Chain,283,284,P
7KP3_1|Chain,284,285,R
7KP3_1|Chain,285,286,D
7KP3_1|Chain,286,287,W
7KP3_1|Chain,287,288,Q
7KP3_1|Chain,288,289,R
7KP3_1|Chain,289,290,L
7KP3_1|Chain,290,291,I
7KP3_1|Chain,291,292,N
7KP3_1|Chain,292,293,N
7KP3_1|Chain,293,294,Y
7KP3_1|Chain,294,295,W
7KP3_1|Chain,295,296,G
7KP3_1|Chain,296,297,F
7KP3_1|Chain,297,298,R
7KP3_1|Chain,298,299,P
7KP3_1|Chain,299,300,R
7KP3_1|Chain,300,301,S
7KP3_1|Chain,301,302,L
7KP3_1|Chain,302,303,R
7KP3_1|Chain,303,304,V
7KP3_1|Chain,304,305,K
7KP3_1|Chain,305,306,I
7KP3_1|Chain,306,307,F
7KP3_1|Chain,307,308,N
7KP3_1|Chain,308,309,I
7KP3_1|Chain,309,310,Q
7KP3_1|Chain,310,311,V
7KP3_1|Chain,311,312,K
7KP3_1|Chain,312,313,E
7KP3_1|Chain,313,314,V
7KP3_1|Chain,314,315,T
7KP3_1|Chain,315,316,V
7KP3_1|Chain,316,317,Q
7KP3_1|Chain,317,318,D
7KP3_1|Chain,318,319,S
7KP3_1|Chain,319,320,T
7KP3_1|Chain,320,321,T
7KP3_1|Chain,321,322,T
7KP3_1|Chain,322,323,I
7KP3_1|Chain,323,324,A
7KP3_1|Chain,324,325,N
7KP3_1|Chain,325,326,N
7KP3_1|Chain,326,327,L
7KP3_1|Chain,327,328,T
7KP3_1|Chain,328,329,S
7KP3_1|Chain,329,330,T
7KP3_1|Chain,330,331,V
7KP3_1|Chain,331,332,Q
7KP3_1|Chain,332,333,V
7KP3_1|Chain,333,334,F
7KP3_1|Chain,334,335,T
7KP3_1|Chain,335,336,D
7KP3_1|Chain,336,337,D
7KP3_1|Chain,337,338,D
7KP3_1|Chain,338,339,Y
7KP3_1|Chain,339,340,Q
7KP3_1|Chain,340,341,L
7KP3_1|Chain,341,342,P
7KP3_1|Chain,342,343,Y
7KP3_1|Chain,343,344,V
7KP3_1|Chain,344,345,V
7KP3_1|Chain,345,346,G
7KP3_1|Chain,346,347,N
7KP3_1|Chain,347,348,G
7KP3_1|Chain,348,349,T
7KP3_1|Chain,349,350,E
7KP3_1|Chain,350,351,G
7KP3_1|Chain,351,352,C
7KP3_1|Chain,352,353,L
7KP3_1|Chain,353,354,P
7KP3_1|Chain,354,355,A
7KP3_1|Chain,355,356,F
7KP3_1|Chain,356,357,P
7KP3_1|Chain,357,358,P
7KP3_1|Chain,358,359,Q
7KP3_1|Chain,359,360,V
7KP3_1|Chain,360,361,F
7KP3_1|Chain,361,362,T
7KP3_1|Chain,362,363,L
7KP3_1|Chain,363,364,P
7KP3_1|Chain,364,365,Q
7KP3_1|Chain,365,366,Y
7KP3_1|Chain,366,367,G
7KP3_1|Chain,367,368,Y
7KP3_1|Chain,368,369,A
7KP3_1|Chain,369,370,T
7KP3_1|Chain,370,371,L
7KP3_1|Chain,371,372,N
7KP3_1|Chain,372,373,R
7KP3_1|Chain,373,374,D
7KP3_1|Chain,374,375,N
7KP3_1|Chain,375,376,T
7KP3_1|Chain,376,377,E
7KP3_1|Chain,377,378,N
7KP3_1|Chain,378,379,P
7KP3_1|Chain,379,380,T
7KP3_1|Chain,380,381,E
7KP3_1|Chain,381,382,R
7KP3_1|Chain,382,383,S
7KP3_1|Chain,383,384,S
7KP3_1|Chain,384,385,F
7KP3_1|Chain,385,386,F
7KP3_1|Chain,386,387,C
7KP3_1|Chain,387,388,L
7KP3_1|Chain,388,389,E
7KP3_1|Chain,389,390,Y
7KP3_1|Chain,390,391,F
7KP3_1|Chain,391,392,P
7KP3_1|Chain,392,393,S
7KP3_1|Chain,393,394,K
7KP3_1|Chain,394,395,M
7KP3_1|Chain,395,396,L
7KP3_1|Chain,396,397,R
7KP3_1|Chain,397,398,T
7KP3_1|Chain,398,399,G
7KP3_1|Chain,399,400,N
7KP3_1|Chain,400,401,N
7KP3_1|Chain,401,402,F
7KP3_1|Chain,402,403,E
7KP3_1|Chain,403,404,F
7KP3_1|Chain,404,405,T
7KP3_1|Chain,405,406,Y
7KP3_1|Chain,406,407,N
7KP3_1|Chain,407,408,F
7KP3_1|Chain,408,409,E
7KP3_1|Chain,409,410,E
7KP3_1|Chain,410,411,V
7KP3_1|Chain,411,412,P
7KP3_1|Chain,412,413,F
7KP3_1|Chain,413,414,H
7KP3_1|Chain,414,415,S
7KP3_1|Chain,415,416,S
7KP3_1|Chain,416,417,F
7KP3_1|Chain,417,418,A
7KP3_1|Chain,418,419,P
7KP3_1|Chain,419,420,S
7KP3_1|Chain,420,421,Q
7KP3_1|Chain,421,422,N
7KP3_1|Chain,422,423,L
7KP3_1|Chain,423,424,F
7KP3_1|Chain,424,425,K
7KP3_1|Chain,425,426,L
7KP3_1|Chain,426,427,A
7KP3_1|Chain,427,428,N
7KP3_1|Chain,428,429,P
7KP3_1|Chain,429,430,L
7KP3_1|Chain,430,431,V
7KP3_1|Chain,431,432,D
7KP3_1|Chain,432,433,Q
7KP3_1|Chain,433,434,Y
7KP3_1|Chain,434,435,L
7KP3_1|Chain,435,436,Y
7KP3_1|Chain,436,437,R
7KP3_1|Chain,437,438,F
7KP3_1|Chain,438,439,V
7KP3_1|Chain,439,440,S
7KP3_1|Chain,440,441,T
7KP3_1|Chain,441,442,N
7KP3_1|Chain,442,443,N
7KP3_1|Chain,443,444,T
7KP3_1|Chain,444,445,G
7KP3_1|Chain,445,446,G
7KP3_1|Chain,446,447,V
7KP3_1|Chain,447,448,Q
7KP3_1|Chain,448,454,F
7KP3_1|Chain,449,455,N
7KP3_1|Chain,450,456,K
7KP3_1|Chain,451,457,N
7KP3_1|Chain,452,458,L
7KP3_1|Chain,453,459,A
7KP3_1|Chain,454,460,G
7KP3_1|Chain,455,461,R
7KP3_1|Chain,456,462,Y
7KP3_1|Chain,457,463,A
7KP3_1|Chain,458,464,N
7KP3_1|Chain,459,465,T
7KP3_1|Chain,460,466,Y
7KP3_1|Chain,461,467,K
7KP3_1|Chain,462,468,N
7KP3_1|Chain,463,469,W
7KP3_1|Chain,464,470,F
7KP3_1|Chain,465,471,P
7KP3_1|Chain,466,472,G
7KP3_1|Chain,467,473,P
7KP3_1|Chain,468,474,M
7KP3_1|Chain,469,475,G
7KP3_1|Chain,470,476,R
7KP3_1|Chain,471,477,T
7KP3_1|Chain,472,478,Q
7KP3_1|Chain,473,479,G
7KP3_1|Chain,474,480,W
7KP3_1|Chain,475,481,N
7KP3_1|Chain,476,482,L
7KP3_1|Chain,477,483,G
7KP3_1|Chain,478,484,S
7KP3_1|Chain,479,485,G
7KP3_1|Chain,480,486,V
7KP3_1|Chain,481,487,N
7KP3_1|Chain,482,488,R
7KP3_1|Chain,483,489,A
7KP3_1|Chain,484,490,S
7KP3_1|Chain,485,491,V
7KP3_1|Chain,486,492,S
7KP3_1|Chain,487,493,A
7KP3_1|Chain,488,494,F
7KP3_1|Chain,489,495,A
7KP3_1|Chain,490,496,T
7KP3_1|Chain,491,497,T
7KP3_1|Chain,492,498,N
7KP3_1|Chain,493,499,R
7KP3_1|Chain,494,500,M
7KP3_1|Chain,495,501,E
7KP3_1|Chain,496,502,L
7KP3_1|Chain,497,503,E
7KP3_1|Chain,498,504,G
7KP3_1|Chain,499,505,A
7KP3_1|Chain,500,506,S
7KP3_1|Chain,501,507,Y
7KP3_1|Chain,502,508,Q
7KP3_1|Chain,503,509,V
7KP3_1|Chain,504,510,P
7KP3_1|Chain,505,511,P
7KP3_1|Chain,506,512,Q
7KP3_1|Chain,507,513,P
7KP3_1|Chain,508,514,N
7KP3_1|Chain,509,515,G
7KP3_1|Chain,510,516,M
7KP3_1|Chain,511,517,T
7KP3_1|Chain,512,518,N
7KP3_1|Chain,513,519,N
7KP3_1|Chain,514,520,L
7KP3_1|Chain,515,521,Q
7KP3_1|Chain,516,522,G
7KP3_1|Chain,517,523,S
7KP3_1|Chain,518,524,N
7KP3_1|Chain,519,525,T
7KP3_1|Chain,520,526,Y
7KP3_1|Chain,521,527,A
7KP3_1|Chain,522,528,L
7KP3_1|Chain,523,529,E
7KP3_1|Chain,524,530,N
7KP3_1|Chain,525,531,T
7KP3_1|Chain,526,532,M
7KP3_1|Chain,527,533,I
7KP3_1|Chain,528,534,F
7KP3_1|Chain,529,535,N
7KP3_1|Chain,530,536,S
7KP3_1|Chain,531,537,Q
7KP3_1|Chain,532,538,P
7KP3_1|Chain,533,539,A
7KP3_1|Chain,534,540,N
7KP3_1|Chain,535,541,P
7KP3_1|Chain,536,542,G
7KP3_1|Chain,537,543,T
7KP3_1|Chain,538,544,T
7KP3_1|Chain,539,545,A
7KP3_1|Chain,540,546,T
7KP3_1|Chain,541,547,Y
7KP3_1|Chain,542,548,L
7KP3_1|Chain,543,549,E
7KP3_1|Chain,544,550,G
7KP3_1|Chain,545,551,N
7KP3_1|Chain,546,552,M
7KP3_1|Chain,547,553,L
7KP3_1|Chain,548,554,I
7KP3_1|Chain,549,555,T
7KP3_1|Chain,550,556,S
7KP3_1|Chain,551,557,E
7KP3_1|Chain,552,558,S
7KP3_1|Chain,553,559,E
7KP3_1|Chain,554,560,T
7KP3_1|Chain,555,561,Q
7KP3_1|Chain,556,562,P
7KP3_1|Chain,557,563,V
7KP3_1|Chain,558,564,N
7KP3_1|Chain,559,565,R
7KP3_1|Chain,560,566,V
7KP3_1|Chain,561,567,A
7KP3_1|Chain,562,568,Y
7KP3_1|Chain,563,569,N
7KP3_1|Chain,564,570,V
7KP3_1|Chain,565,571,G
7KP3_1|Chain,566,572,G
7KP3_1|Chain,567,573,Q
7KP3_1|Chain,568,574,M
7KP3_1|Chain,569,575,A
7KP3_1|Chain,570,576,T
7KP3_1|Chain,571,577,N
7KP3_1|Chain,572,578,N
7KP3_1|Chain,573,579,Q
7KP3_1|Chain,574,580,S
7KP3_1|Chain,575,581,S
7KP3_1|Chain,576,582,T
7KP3_1|Chain,577,583,T
7KP3_1|Chain,578,584,A
7KP3_1|Chain,579,585,P
7KP3_1|Chain,580,586,A
7KP3_1|Chain,581,587,T
7KP3_1|Chain,582,588,G
7KP3_1|Chain,583,589,T
7KP3_1|Chain,584,590,Y
7KP3_1|Chain,585,591,N
7KP3_1|Chain,586,592,L
7KP3_1|Chain,587,593,Q
7KP3_1|Chain,588,594,E
7KP3_1|Chain,589,595,I
7KP3_1|Chain,590,596,V
7KP3_1|Chain,591,597,P
7KP3_1|Chain,592,598,G
7KP3_1|Chain,593,599,S
7KP3_1|Chain,594,600,V
7KP3_1|Chain,595,601,W
7KP3_1|Chain,596,602,M
7KP3_1|Chain,597,603,E
7KP3_1|Chain,598,604,R
7KP3_1|Chain,599,605,D
7KP3_1|Chain,600,606,V
7KP3_1|Chain,601,607,Y
7KP3_1|Chain,602,608,L
7KP3_1|Chain,603,609,Q
7KP3_1|Chain,604,610,G
7KP3_1|Chain,605,611,P
7KP3_1|Chain,606,612,I
7KP3_1|Chain,607,613,W
7KP3_1|Chain,608,614,A
7KP3_1|Chain,609,615,K
7KP3_1|Chain,610,616,I
7KP3_1|Chain,611,617,P
7KP3_1|Chain,612,618,E
7KP3_1|Chain,613,619,T
7KP3_1|Chain,614,620,G
7KP3_1|Chain,615,621,A
7KP3_1|Chain,616,622,H
7KP3_1|Chain,617,623,F
7KP3_1|Chain,618,624,H
7KP3_1|Chain,619,625,P
7KP3_1|Chain,620,626,S
7KP3_1|Chain,621,627,P
7KP3_1|Chain,622,628,A
7KP3_1|Chain,623,629,M
7KP3_1|Chain,624,630,G
7KP3_1|Chain,625,631,G
7KP3_1|Chain,626,632,F
7KP3_1|Chain,627,633,G
7KP3_1|Chain,628,634,L
7KP3_1|Chain,629,635,K
7KP3_1|Chain,630,636,H
7KP3_1|Chain,631,637,P
7KP3_1|Chain,632,638,P
7KP3_1|Chain,633,639,P
7KP3_1|Chain,634,640,M
7KP3_1|Chain,635,641,M
7KP3_1|Chain,636,642,L
7KP3_1|Chain,637,643,I
7KP3_1|Chain,638,644,K
7KP3_1|Chain,639,645,N
7KP3_1|Chain,640,646,T
7KP3_1|Chain,641,647,P
7KP3_1|Chain,642,648,V
7KP3_1|Chain,643,649,P
7KP3_1|Chain,644,650,G
7KP3_1|Chain,645,651,N
7KP3_1|Chain,646,652,I
7KP3_1|Chain,647,654,T
7KP3_1|Chain,648,655,S
7KP3_1|Chain,649,656,F
7KP3_1|Chain,650,657,S
7KP3_1|Chain,651,658,D
7KP3_1|Chain,652,659,V
7KP3_1|Chain,653,660,P
7KP3_1|Chain,654,661,V
7KP3_1|Chain,655,662,S
7KP3_1|Chain,656,663,S
7KP3_1|Chain,657,664,F
7KP3_1|Chain,658,665,I
7KP3_1|Chain,659,666,T
7KP3_1|Chain,660,667,Q
7KP3_1|Chain,661,668,Y
7KP3_1|Chain,662,669,S
7KP3_1|Chain,663,670,T
7KP3_1|Chain,664,671,G
7KP3_1|Chain,665,672,Q
7KP3_1|Chain,666,673,V
7KP3_1|Chain,667,674,T
7KP3_1|Chain,668,675,V
7KP3_1|Chain,669,676,E
7KP3_1|Chain,670,677,M
7KP3_1|Chain,671,678,E
7KP3_1|Chain,672,679,W
7KP3_1|Chain,673,680,E
7KP3_1|Chain,674,681,L
7KP3_1|Chain,675,682,K
7KP3_1|Chain,676,683,K
7KP3_1|Chain,677,684,E
7KP3_1|Chain,678,685,N
7KP3_1|Chain,679,686,S
7KP3_1|Chain,680,687,K
7KP3_1|Chain,681,688,R
7KP3_1|Chain,682,689,W
7KP3_1|Chain,683,690,N
7KP3_1|Chain,684,691,P
7KP3_1|Chain,685,692,E
7KP3_1|Chain,686,693,I
7KP3_1|Chain,687,694,Q
7KP3_1|Chain,688,695,Y
7KP3_1|Chain,689,696,T
7KP3_1|Chain,690,697,N
7KP3_1|Chain,691,698,N
7KP3_1|Chain,692,699,Y
7KP3_1|Chain,693,700,N
7KP3_1|Chain,694,701,D
7KP3_1|Chain,695,702,P
7KP3_1|Chain,696,703,Q
7KP3_1|Chain,697,704,F
7KP3_1|Chain,698,705,V
7KP3_1|Chain,699,706,D
7KP3_1|Chain,700,707,F
7KP3_1|Chain,701,708,A
7KP3_1|Chain,702,709,P
7KP3_1|Chain,703,710,D
7KP3_1|Chain,704,711,S
7KP3_1|Chain,705,712,T
7KP3_1|Chain,706,713,G
7KP3_1|Chain,707,714,E
7KP3_1|Chain,708,715,Y
7KP3_1|Chain,709,716,R
7KP3_1|Chain,710,717,T
7KP3_1|Chain,711,718,T
7KP3_1|Chain,712,719,R
7KP3_1|Chain,713,720,P
7KP3_1|Chain,714,721,I
7KP3_1|Chain,715,722,G
7KP3_1|Chain,716,723,T
7KP3_1|Chain,717,724,R
7KP3_1|Chain,718,725,Y
7KP3_1|Chain,719,726,L
7KP3_1|Chain,720,727,T
7KP3_1|Chain,721,728,R
7KP3_1|Chain,722,729,P
7KP3_1|Chain,723,730,L
7WJW_1|Chain,1,208,D
7WJW_1|Chain,2,209,G
7WJW_1|Chain,3,210,V
7WJW_1|Chain,4,211,G
7WJW_1|Chain,5,212,S
7WJW_1|Chain,6,213,S
7WJW_1|Chain,7,214,S
7WJW_1|Chain,8,215,G
7WJW_1|Chain,9,216,N
7WJW_1|Chain,10,217,W
7WJW_1|Chain,11,218,H
7WJW_1|Chain,12,219,C
7WJW_1|Chain,13,220,D
7WJW_1|Chain,14,221,S
7WJW_1|Chain,15,222,Q
7WJW_1|Chain,16,223,W
7WJW_1|Chain,17,224,L
7WJW_1|Chain,18,225,G
7WJW_1|Chain,19,226,D
7WJW_1|Chain,20,227,R
7WJW_1|Chain,21,228,V
7WJW_1|Chain,22,229,I
7WJW_1|Chain,23,230,T
7WJW_1|Chain,24,231,T
7WJW_1|Chain,25,232,S
7WJW_1|Chain,26,233,T
7WJW_1|Chain,27,234,R
7WJW_1|Chain,28,235,T
7WJW_1|Chain,29,236,W
7WJW_1|Chain,30,237,A
7WJW_1|Chain,31,238,L
7WJW_1|Chain,32,239,P
7WJW_1|Chain,33,240,T
7WJW_1|Chain,34,241,Y
7WJW_1|Chain,35,242,N
7WJW_1|Chain,36,243,N
7WJW_1|Chain,37,244,H
7WJW_1|Chain,38,245,L
7WJW_1|Chain,39,246,Y
7WJW_1|Chain,40,247,K
7WJW_1|Chain,41,248,Q
7WJW_1|Chain,42,249,I
7WJW_1|Chain,43,250,S
7WJW_1|Chain,44,251,N
7WJW_1|Chain,45,252,S
7WJW_1|Chain,46,253,T
7WJW_1|Chain,47,254,S
7WJW_1|Chain,48,255,G
7WJW_1|Chain,49,256,G
7WJW_1|Chain,50,257,S
7WJW_1|Chain,51,258,S
7WJW_1|Chain,52,259,N
7WJW_1|Chain,53,260,D
7WJW_1|Chain,54,261,N
7WJW_1|Chain,55,262,A
7WJW_1|Chain,56,263,Y
7WJW_1|Chain,57,264,F
7WJW_1|Chain,58,265,G
7WJW_1|Chain,59,266,Y
7WJW_1|Chain,60,267,S
7WJW_1|Chain,61,268,T
7WJW_1|Chain,62,269,P
7WJW_1|Chain,63,270,W
7WJW_1|Chain,64,271,G
7WJW_1|Chain,65,272,Y
7WJW_1|Chain,66,273,F
7WJW_1|Chain,67,274,D
7WJW_1|Chain,68,275,F
7WJW_1|Chain,69,276,N
7WJW_1|Chain,70,277,R
7WJW_1|Chain,71,278,F
7WJW_1|Chain,72,279,H
7WJW_1|Chain,73,280,C
7WJW_1|Chain,74,281,H
7WJW_1|Chain,75,282,F
7WJW_1|Chain,76,283,S
7WJW_1|Chain,77,284,P
7WJW_1|Chain,78,285,R
7WJW_1|Chain,79,286,D
7WJW_1|Chain,80,287,W
7WJW_1|Chain,81,288,Q
7WJW_1|Chain,82,289,R
7WJW_1|Chain,83,290,L
7WJW_1|Chain,84,291,I
7WJW_1|Chain,85,292,N
7WJW_1|Chain,86,293,N
7WJW_1|Chain,87,294,N
7WJW_1|Chain,88,295,W
7WJW_1|Chain,89,296,G
7WJW_1|Chain,90,297,F
7WJW_1|Chain,91,298,R
7WJW_1|Chain,92,299,P
7WJW_1|Chain,93,300,K
7WJW_1|Chain,94,301,R
7WJW_1|Chain,95,302,L
7WJW_1|Chain,96,303,N
7WJW_1|Chain,97,304,F
7WJW_1|Chain,98,305,K
7WJW_1|Chain,99,306,L
7WJW_1|Chain,100,307,F
7WJW_1|Chain,101,308,N
7WJW_1|Chain,102,309,I
7WJW_1|Chain,103,310,Q
7WJW_1|Chain,104,311,V
7WJW_1|Chain,105,312,K
7WJW_1|Chain,106,313,E
7WJW_1|Chain,107,314,V
7WJW_1|Chain,108,315,T
7WJW_1|Chain,109,316,D
7WJW_1|Chain,110,317,N
7WJW_1|Chain,111,318,N
7WJW_1|Chain,112,319,G
7WJW_1|Chain,113,320,V
7WJW_1|Chain,114,321,K
7WJW_1|Chain,115,322,T
7WJW_1|Chain,116,323,I
7WJW_1|Chain,117,324,A
7WJW_1|Chain,118,325,N
7WJW_1|Chain,119,326,N
7WJW_1|Chain,120,327,L
7WJW_1|Chain,121,328,T
7WJW_1|Chain,122,329,S
7WJW_1|Chain,123,330,T
7WJW_1|Chain,124,331,V
7WJW_1|Chain,125,332,Q
7WJW_1|Chain,126,333,V
7WJW_1|Chain,127,334,F
7WJW_1|Chain,128,335,T
7WJW_1|Chain,129,336,D
7WJW_1|Chain,130,337,S
7WJW_1|Chain,131,338,D
7WJW_1|Chain,132,339,Y
7WJW_1|Chain,133,340,Q
7WJW_1|Chain,134,341,L
7WJW_1|Chain,135,342,P
7WJW_1|Chain,136,343,Y
7WJW_1|Chain,137,344,V
7WJW_1|Chain,138,345,L
7WJW_1|Chain,139,346,G
7WJW_1|Chain,140,347,S
7WJW_1|Chain,141,348,A
7WJW_1|Chain,142,349,H
7WJW_1|Chain,143,350,E
7WJW_1|Chain,144,351,G
7WJW_1|Chain,145,352,C
7WJW_1|Chain,146,353,L
7WJW_1|Chain,147,354,P
7WJW_1|Chain,148,355,P
7WJW_1|Chain,149,356,F
7WJW_1|Chain,150,357,P
7WJW_1|Chain,151,358,A
7WJW_1|Chain,152,359,D
7WJW_1|Chain,153,360,V
7WJW_1|Chain,154,361,F
7WJW_1|Chain,155,362,M
7WJW_1|Chain,156,363,I
7WJW_1|Chain,157,364,P
7WJW_1|Chain,158,365,Q
7WJW_1|Chain,159,366,Y
7WJW_1|Chain,160,367,G
7WJW_1|Chain,161,368,Y
7WJW_1|Chain,162,369,L
7WJW_1|Chain,163,370,T
7WJW_1|Chain,164,371,L
7WJW_1|Chain,165,372,N
7WJW_1|Chain,166,373,D
7WJW_1|Chain,167,374,G
7WJW_1|Chain,168,375,S
7WJW_1|Chain,169,378,Q
7WJW_1|Chain,170,379,A
7WJW_1|Chain,171,380,V
7WJW_1|Chain,172,381,G
7WJW_1|Chain,173,382,R
7WJW_1|Chain,174,383,S
7WJW_1|Chain,175,384,S
7WJW_1|Chain,176,385,F
7WJW_1|Chain,177,386,Y
7WJW_1|Chain,178,387,C
7WJW_1|Chain,179,388,L
7WJW_1|Chain,180,389,E
7WJW_1|Chain,181,390,Y
7WJW_1|Chain,182,391,F
7WJW_1|Chain,183,392,P
7WJW_1|Chain,184,393,S
7WJW_1|Chain,185,394,Q
7WJW_1|Chain,186,395,M
7WJW_1|Chain,187,396,L
7WJW_1|Chain,188,397,R
7WJW_1|Chain,189,398,T
7WJW_1|Chain,190,399,G
7WJW_1|Chain,191,400,N
7WJW_1|Chain,192,401,N
7WJW_1|Chain,193,402,F
7WJW_1|Chain,194,403,Q
7WJW_1|Chain,195,404,F
7WJW_1|Chain,196,405,S
7WJW_1|Chain,197,406,Y
7WJW_1|Chain,198,407,E
7WJW_1|Chain,199,408,F
7WJW_1|Chain,200,409,E
7WJW_1|Chain,201,410,N
7WJW_1|Chain,202,411,V
7WJW_1|Chain,203,412,P
7WJW_1|Chain,204,413,F
7WJW_1|Chain,205,414,H
7WJW_1|Chain,206,415,S
7WJW_1|Chain,207,416,S
7WJW_1|Chain,208,417,Y
7WJW_1|Chain,209,418,A
7WJW_1|Chain,210,419,H
7WJW_1|Chain,211,420,S
7WJW_1|Chain,212,421,Q
7WJW_1|Chain,213,422,S
7WJW_1|Chain,214,423,L
7WJW_1|Chain,215,424,D
7WJW_1|Chain,216,425,R
7WJW_1|Chain,217,426,L
7WJW_1|Chain,218,427,M
7WJW_1|Chain,219,428,N
7WJW_1|Chain,220,429,P
7WJW_1|Chain,221,430,L
7WJW_1|Chain,222,431,I
7WJW_1|Chain,223,432,D
7WJW_1|Chain,224,433,Q
7WJW_1|Chain,225,434,Y
7WJW_1|Chain,226,435,L
7WJW_1|Chain,227,436,Y
7WJW_1|Chain,228,437,Y
7WJW_1|Chain,229,438,L
7WJW_1|Chain,230,439,S
7WJW_1|Chain,231,440,K
7WJW_1|Chain,232,441,T
7WJW_1|Chain,233,442,I
7WJW_1|Chain,234,443,N
7WJW_1|Chain,235,444,G
7WJW_1|Chain,236,445,S
7WJW_1|Chain,237,446,G
7WJW_1|Chain,238,447,Q
7WJW_1|Chain,239,448,N
7WJW_1|Chain,240,449,Q
7WJW_1|Chain,241,450,Q
7WJW_1|Chain,242,451,T
7WJW_1|Chain,243,452,L
7WJW_1|Chain,244,453,K
7WJW_1|Chain,245,454,F
7WJW_1|Chain,246,455,S
7WJW_1|Chain,247,456,V
7WJW_1|Chain,248,457,A
7WJW_1|Chain,249,458,G
7WJW_1|Chain,250,459,P
7WJW_1|Chain,251,460,S
7WJW_1|Chain,252,461,N
7WJW_1|Chain,253,462,M
7WJW_1|Chain,254,463,A
7WJW_1|Chain,255,464,V
7WJW_1|Chain,256,465,Q
7WJW_1|Chain,257,466,G
7WJW_1|Chain,258,467,R
7WJW_1|Chain,259,468,N
7WJW_1|Chain,260,469,Y
7WJW_1|Chain,261,470,I
7WJW_1|Chain,262,471,P
7WJW_1|Chain,263,472,G
7WJW_1|Chain,264,473,P
7WJW_1|Chain,265,474,S
7WJW_1|Chain,266,475,Y
7WJW_1|Chain,267,476,R
7WJW_1|Chain,268,477,Q
7WJW_1|Chain,269,478,Q
7WJW_1|Chain,270,479,R
7WJW_1|Chain,271,480,V
7WJW_1|Chain,272,481,S
7WJW_1|Chain,273,482,T
7WJW_1|Chain,274,483,T
7WJW_1|Chain,275,484,V
7WJW_1|Chain,276,485,T
7WJW_1|Chain,277,486,Q
7WJW_1|Chain,278,487,N
7WJW_1|Chain,279,488,N
7WJW_1|Chain,280,489,N
7WJW_1|Chain,281,490,S
7WJW_1|Chain,282,491,E
7WJW_1|Chain,283,492,F
7WJW_1|Chain,284,493,A
7WJW_1|Chain,285,494,W
7WJW_1|Chain,286,495,P
7WJW_1|Chain,287,496,G
7WJW_1|Chain,288,497,A
7WJW_1|Chain,289,498,S
7WJW_1|Chain,290,499,S
7WJW_1|Chain,291,500,W
7WJW_1|Chain,292,501,A
7WJW_1|Chain,293,502,L
7WJW_1|Chain,294,503,N
7WJW_1|Chain,295,504,G
7WJW_1|Chain,296,505,R
7WJW_1|Chain,297,506,N
7WJW_1|Chain,298,507,S
7WJW_1|Chain,299,508,L
7WJW_1|Chain,300,509,M
7WJW_1|Chain,301,510,N
7WJW_1|Chain,302,511,P
7WJW_1|Chain,303,512,G
7WJW_1|Chain,304,513,P
7WJW_1|Chain,305,514,A
7WJW_1|Chain,306,515,M
7WJW_1|Chain,307,516,A
7WJW_1|Chain,308,517,S
7WJW_1|Chain,309,518,H
7WJW_1|Chain,310,519,K
7WJW_1|Chain,311,520,E
7WJW_1|Chain,312,521,G
7WJW_1|Chain,313,522,E
7WJW_1|Chain,314,523,D
7WJW_1|Chain,315,524,R
7WJW_1|Chain,316,525,F
7WJW_1|Chain,317,526,F
7WJW_1|Chain,318,527,P
7WJW_1|Chain,319,528,L
7WJW_1|Chain,320,529,S
7WJW_1|Chain,321,530,G
7WJW_1|Chain,322,531,S
7WJW_1|Chain,323,532,L
7WJW_1|Chain,324,533,I
7WJW_1|Chain,325,534,F
7WJW_1|Chain,326,535,G
7WJW_1|Chain,327,536,K
7WJW_1|Chain,328,537,Q
7WJW_1|Chain,329,538,G
7WJW_1|Chain,330,539,T
7WJW_1|Chain,331,540,G
7WJW_1|Chain,332,541,R
7WJW_1|Chain,333,542,D
7WJW_1|Chain,334,546,N
7WJW_1|Chain,335,547,V
7WJW_1|Chain,336,548,D
7WJW_1|Chain,337,549,A
7WJW_1|Chain,338,550,D
7WJW_1|Chain,339,551,K
7WJW_1|Chain,340,552,V
7WJW_1|Chain,341,553,M
7WJW_1|Chain,342,554,I
7WJW_1|Chain,343,555,T
7WJW_1|Chain,344,556,N
7WJW_1|Chain,345,557,E
7WJW_1|Chain,346,558,E
7WJW_1|Chain,347,559,E
7WJW_1|Chain,348,560,I
7WJW_1|Chain,349,561,K
7WJW_1|Chain,350,562,T
7WJW_1|Chain,351,563,T
7WJW_1|Chain,352,564,N
7WJW_1|Chain,353,565,P
7WJW_1|Chain,354,566,V
7WJW_1|Chain,355,567,A
7WJW_1|Chain,356,568,T
7WJW_1|Chain,357,569,E
7WJW_1|Chain,358,570,S
7WJW_1|Chain,359,571,Y
7WJW_1|Chain,360,572,G
7WJW_1|Chain,361,573,Q
7WJW_1|Chain,362,574,V
7WJW_1|Chain,363,575,A
7WJW_1|Chain,364,576,T
7WJW_1|Chain,365,577,N
7WJW_1|Chain,366,578,H
7WJW_1|Chain,367,579,Q
7WJW_1|Chain,368,580,S
7WJW_1|Chain,369,581,A
7WJW_1|Chain,370,582,Q
7WJW_1|Chain,371,583,A
7WJW_1|Chain,372,584,Q
7WJW_1|Chain,373,585,A
7WJW_1|Chain,374,586,Q
7WJW_1|Chain,375,587,T
7WJW_1|Chain,376,588,G
7WJW_1|Chain,377,589,W
7WJW_1|Chain,378,590,V
7WJW_1|Chain,379,591,Q
7WJW_1|Chain,380,592,N
7WJW_1|Chain,381,593,Q
7WJW_1|Chain,382,594,G
7WJW_1|Chain,383,595,I
7WJW_1|Chain,384,596,L
7WJW_1|Chain,385,597,P
7WJW_1|Chain,386,598,G
7WJW_1|Chain,387,599,M
7WJW_1|Chain,388,600,V
7WJW_1|Chain,389,601,W
7WJW_1|Chain,390,602,Q
7WJW_1|Chain,391,603,D
7WJW_1|Chain,392,604,R
7WJW_1|Chain,393,605,D
7WJW_1|Chain,394,606,V
7WJW_1|Chain,395,607,Y
7WJW_1|Chain,396,608,L
7WJW_1|Chain,397,609,Q
7WJW_1|Chain,398,610,G
7WJW_1|Chain,399,611,P
7WJW_1|Chain,400,612,I
7WJW_1|Chain,401,613,W
7WJW_1|Chain,402,614,A
7WJW_1|Chain,403,615,K
7WJW_1|Chain,404,616,I
7WJW_1|Chain,405,617,P
7WJW_1|Chain,406,618,H
7WJW_1|Chain,407,619,T
7WJW_1|Chain,408,620,D
7WJW_1|Chain,409,621,G
7WJW_1|Chain,410,622,N
7WJW_1|Chain,411,623,F
7WJW_1|Chain,412,624,H
7WJW_1|Chain,413,625,P
7WJW_1|Chain,414,626,S
7WJW_1|Chain,415,627,P
7WJW_1|Chain,416,628,L
7WJW_1|Chain,417,629,M
7WJW_1|Chain,418,630,G
7WJW_1|Chain,419,631,G
7WJW_1|Chain,420,632,F
7WJW_1|Chain,421,633,G
7WJW_1|Chain,422,634,M
7WJW_1|Chain,423,635,K
7WJW_1|Chain,424,636,H
7WJW_1|Chain,425,637,P
7WJW_1|Chain,426,638,P
7WJW_1|Chain,427,639,P
7WJW_1|Chain,428,640,Q
7WJW_1|Chain,429,641,I
7WJW_1|Chain,430,642,L
7WJW_1|Chain,431,643,I
7WJW_1|Chain,432,644,K
7WJW_1|Chain,433,645,N
7WJW_1|Chain,434,646,T
7WJW_1|Chain,435,647,P
7WJW_1|Chain,436,648,V
7WJW_1|Chain,437,649,P
7WJW_1|Chain,438,650,A
7WJW_1|Chain,439,651,D
7WJW_1|Chain,440,652,P
7WJW_1|Chain,441,653,P
7WJW_1|Chain,442,654,T
7WJW_1|Chain,443,655,A
7WJW_1|Chain,444,656,F
7WJW_1|Chain,445,657,N
7WJW_1|Chain,446,658,K
7WJW_1|Chain,447,659,D
7WJW_1|Chain,448,660,K
7WJW_1|Chain,449,661,L
7WJW_1|Chain,450,662,N
7WJW_1|Chain,451,663,S
7WJW_1|Chain,452,664,F
7WJW_1|Chain,453,665,I
7WJW_1|Chain,454,666,T
7WJW_1|Chain,455,667,Q
7WJW_1|Chain,456,668,Y
7WJW_1|Chain,457,669,S
7WJW_1|Chain,458,670,T
7WJW_1|Chain,459,671,G
7WJW_1|Chain,460,672,Q
7WJW_1|Chain,461,673,V
7WJW_1|Chain,462,674,S
7WJW_1|Chain,463,675,V
7WJW_1|Chain,464,676,E
7WJW_1|Chain,465,677,I
7WJW_1|Chain,466,678,E
7WJW_1|Chain,467,679,W
7WJW_1|Chain,468,680,E
7WJW_1|Chain,469,681,L
7WJW_1|Chain,470,682,Q
7WJW_1|Chain,471,683,K
7WJW_1|Chain,472,684,E
7WJW_1|Chain,473,685,N
7WJW_1|Chain,474,686,S
7WJW_1|Chain,475,687,K
7WJW_1|Chain,476,688,R
7WJW_1|Chain,477,689,W
7WJW_1|Chain,478,690,N
7WJW_1|Chain,479,691,P
7WJW_1|Chain,480,692,E
7WJW_1|Chain,481,693,I
7WJW_1|Chain,482,694,Q
7WJW_1|Chain,483,695,Y
7WJW_1|Chain,484,696,T
7WJW_1|Chain,485,697,S
7WJW_1|Chain,486,698,N
7WJW_1|Chain,487,699,Y
7WJW_1|Chain,488,700,Y
7WJW_1|Chain,489,701,K
7WJW_1|Chain,490,702,S
7WJW_1|Chain,491,703,N
7WJW_1|Chain,492,704,N
7WJW_1|Chain,493,705,V
7WJW_1|Chain,494,706,E
7WJW_1|Chain,495,707,F
7WJW_1|Chain,496,708,A
7WJW_1|Chain,497,709,V
7WJW_1|Chain,498,710,N
7WJW_1|Chain,499,711,T
7WJW_1|Chain,500,712,E
7WJW_1|Chain,501,713,G
7WJW_1|Chain,502,714,V
7WJW_1|Chain,503,715,Y
7WJW_1|Chain,504,716,S
7WJW_1|Chain,505,717,E
7WJW_1|Chain,506,718,P
7WJW_1|Chain,507,719,R
7WJW_1|Chain,508,720,P
7WJW_1|Chain,509,721,I
7WJW_1|Chain,510,722,G
7WJW_1|Chain,511,723,T
7WJW_1|Chain,512,724,R
7WJW_1|Chain,513,725,Y
7WJW_1|Chain,514,726,L
7WJW_1|Chain,515,727,T
7WJW_1|Chain,516,728,R
7WJW_1|Chain,517,729,N
7WJW_1|Chain,518,730,L
